location,week,mort
BE100,2022-W01,203
BE100,2022-W02,172
BE100,2022-W03,207
BE100,2022-W04,214
BE100,2022-W05,223
BE100,2022-W06,209
BE100,2022-W07,164
BE100,2022-W08,152
BE100,2022-W09,136
BE100,2022-W10,205
BE100,2022-W11,188
BE100,2022-W12,162
BE100,2022-W13,178
BE100,2022-W14,176
BE100,2022-W15,193
BE100,2022-W16,179
BE100,2022-W17,149
BE100,2022-W18,169
BE100,2022-W19,142
BE100,2022-W20,161
BE100,2022-W21,148
BE100,2022-W22,147
BE100,2022-W23,149
BE100,2022-W24,168
BE100,2022-W25,165
BE100,2022-W26,153
BE100,2022-W27,151
BE100,2022-W28,140
BE100,2022-W29,199
BE100,2022-W30,168
BE100,2022-W31,161
BE100,2022-W32,177
BE100,2022-W33,149
BE100,2022-W34,164
BE100,2022-W35,138
BE100,2022-W36,170
BE100,2022-W37,143
BE100,2022-W38,135
BE100,2022-W39,150
BE100,2022-W40,180
BE100,2022-W41,151
BE100,2022-W42,170
BE100,2022-W43,186
BE100,2022-W44,166
BE100,2022-W45,165
BE100,2022-W46,144
BE100,2022-W47,185
BE100,2022-W48,170
BE100,2022-W49,154
BE100,2022-W50,212
BE100,2022-W51,234
BE100,2022-W52,217
BE100,2023-W01,212
BE100,2023-W02,224
BE100,2023-W03,171
BE100,2023-W04,159
BE100,2023-W05,185
BE100,2023-W06,187
BE100,2023-W07,168
BE100,2023-W08,159
BE100,2023-W09,166
BE100,2023-W10,170
BE100,2023-W11,164
BE100,2023-W12,151
BE100,2023-W13,178
BE100,2023-W14,166
BE100,2023-W15,170
BE100,2023-W16,158
BE100,2023-W17,167
BE100,2023-W18,149
BE100,2023-W19,174
BE100,2023-W20,158
BE100,2023-W21,134
BE100,2023-W22,150
BE100,2023-W23,164
BE100,2023-W24,179
BE100,2023-W25,120
BE100,2023-W26,162
BE100,2023-W27,151
BE100,2023-W28,150
BE100,2023-W29,142
BE100,2023-W30,138
BE100,2023-W31,144
BE100,2023-W32,141
BE100,2023-W33,147
BE100,2023-W34,162
BE100,2023-W35,157
BE100,2023-W36,153
BE100,2023-W37,158
BE100,2023-W38,147
BE100,2023-W39,165
BE100,2023-W40,175
BE100,2023-W41,155
BE100,2023-W42,175
BE100,2023-W43,176
BE100,2023-W44,159
BE100,2023-W45,170
BE100,2023-W46,185
BE100,2023-W47,150
BE100,2023-W48,186
BE100,2023-W49,209
BE100,2023-W50,199
BE100,2023-W51,202
BE100,2023-W52,198
BE100,2024-W01,204
BE100,2024-W02,172
BE100,2024-W03,207
BE100,2024-W04,182
BE100,2024-W05,188
BE100,2024-W06,170
BE100,2024-W07,197
BE100,2024-W08,161
BE100,2024-W09,183
BE100,2024-W10,197
BE100,2024-W11,143
BE100,2024-W12,148
BE100,2024-W13,165
BE100,2024-W14,185
BE100,2024-W15,156
BE100,2024-W16,124
BE100,2024-W17,155
BE100,2024-W18,140
BE100,2024-W19,169
BE100,2024-W20,151
BE100,2024-W21,139
BE100,2024-W22,143
BE100,2024-W23,149
BE100,2024-W24,156
BE100,2024-W25,163
BE100,2024-W26,189
BE100,2024-W27,150
BE100,2024-W28,147
BE100,2024-W29,143
BE100,2024-W30,151
BE100,2024-W31,159
BE100,2024-W32,141
BE100,2024-W33,173
BE100,2024-W34,161
BE100,2024-W35,150
BE100,2024-W36,126
BE100,2024-W37,154
BE100,2024-W38,152
BE100,2024-W39,181
BE100,2024-W40,152
BE100,2024-W41,159
BE100,2024-W42,160
BE100,2024-W43,171
BE100,2024-W44,138
BE100,2024-W45,161
BE100,2024-W46,159
BE100,2024-W47,175
BE100,2024-W48,165
BE100,2024-W49,187
BE100,2024-W50,183
BE100,2024-W51,183
BE100,2024-W52,205
BE211,2022-W01,217
BE211,2022-W02,172
BE211,2022-W03,187
BE211,2022-W04,225
BE211,2022-W05,238
BE211,2022-W06,248
BE211,2022-W07,221
BE211,2022-W08,185
BE211,2022-W09,209
BE211,2022-W10,200
BE211,2022-W11,213
BE211,2022-W12,212
BE211,2022-W13,194
BE211,2022-W14,205
BE211,2022-W15,193
BE211,2022-W16,202
BE211,2022-W17,216
BE211,2022-W18,195
BE211,2022-W19,175
BE211,2022-W20,161
BE211,2022-W21,167
BE211,2022-W22,201
BE211,2022-W23,164
BE211,2022-W24,169
BE211,2022-W25,180
BE211,2022-W26,158
BE211,2022-W27,189
BE211,2022-W28,176
BE211,2022-W29,179
BE211,2022-W30,177
BE211,2022-W31,181
BE211,2022-W32,189
BE211,2022-W33,191
BE211,2022-W34,170
BE211,2022-W35,163
BE211,2022-W36,183
BE211,2022-W37,173
BE211,2022-W38,149
BE211,2022-W39,202
BE211,2022-W40,184
BE211,2022-W41,193
BE211,2022-W42,223
BE211,2022-W43,190
BE211,2022-W44,162
BE211,2022-W45,166
BE211,2022-W46,177
BE211,2022-W47,191
BE211,2022-W48,230
BE211,2022-W49,230
BE211,2022-W50,225
BE211,2022-W51,281
BE211,2022-W52,260
BE211,2023-W01,272
BE211,2023-W02,207
BE211,2023-W03,216
BE211,2023-W04,219
BE211,2023-W05,227
BE211,2023-W06,230
BE211,2023-W07,215
BE211,2023-W08,221
BE211,2023-W09,214
BE211,2023-W10,195
BE211,2023-W11,196
BE211,2023-W12,194
BE211,2023-W13,206
BE211,2023-W14,170
BE211,2023-W15,174
BE211,2023-W16,162
BE211,2023-W17,158
BE211,2023-W18,172
BE211,2023-W19,181
BE211,2023-W20,161
BE211,2023-W21,166
BE211,2023-W22,180
BE211,2023-W23,211
BE211,2023-W24,200
BE211,2023-W25,182
BE211,2023-W26,184
BE211,2023-W27,167
BE211,2023-W28,159
BE211,2023-W29,154
BE211,2023-W30,145
BE211,2023-W31,152
BE211,2023-W32,166
BE211,2023-W33,177
BE211,2023-W34,157
BE211,2023-W35,157
BE211,2023-W36,167
BE211,2023-W37,202
BE211,2023-W38,165
BE211,2023-W39,179
BE211,2023-W40,198
BE211,2023-W41,166
BE211,2023-W42,178
BE211,2023-W43,168
BE211,2023-W44,187
BE211,2023-W45,175
BE211,2023-W46,206
BE211,2023-W47,195
BE211,2023-W48,183
BE211,2023-W49,163
BE211,2023-W50,206
BE211,2023-W51,197
BE211,2023-W52,189
BE211,2024-W01,196
BE211,2024-W02,201
BE211,2024-W03,232
BE211,2024-W04,224
BE211,2024-W05,218
BE211,2024-W06,213
BE211,2024-W07,204
BE211,2024-W08,215
BE211,2024-W09,207
BE211,2024-W10,182
BE211,2024-W11,191
BE211,2024-W12,192
BE211,2024-W13,174
BE211,2024-W14,205
BE211,2024-W15,199
BE211,2024-W16,178
BE211,2024-W17,178
BE211,2024-W18,192
BE211,2024-W19,153
BE211,2024-W20,189
BE211,2024-W21,150
BE211,2024-W22,162
BE211,2024-W23,185
BE211,2024-W24,199
BE211,2024-W25,163
BE211,2024-W26,198
BE211,2024-W27,144
BE211,2024-W28,164
BE211,2024-W29,185
BE211,2024-W30,185
BE211,2024-W31,168
BE211,2024-W32,180
BE211,2024-W33,162
BE211,2024-W34,184
BE211,2024-W35,130
BE211,2024-W36,195
BE211,2024-W37,167
BE211,2024-W38,177
BE211,2024-W39,182
BE211,2024-W40,182
BE211,2024-W41,171
BE211,2024-W42,193
BE211,2024-W43,159
BE211,2024-W44,182
BE211,2024-W45,172
BE211,2024-W46,182
BE211,2024-W47,175
BE211,2024-W48,201
BE211,2024-W49,193
BE211,2024-W50,202
BE211,2024-W51,212
BE211,2024-W52,198
BE212,2022-W01,64
BE212,2022-W02,66
BE212,2022-W03,69
BE212,2022-W04,72
BE212,2022-W05,74
BE212,2022-W06,74
BE212,2022-W07,69
BE212,2022-W08,66
BE212,2022-W09,57
BE212,2022-W10,60
BE212,2022-W11,65
BE212,2022-W12,64
BE212,2022-W13,72
BE212,2022-W14,76
BE212,2022-W15,84
BE212,2022-W16,54
BE212,2022-W17,64
BE212,2022-W18,75
BE212,2022-W19,62
BE212,2022-W20,61
BE212,2022-W21,61
BE212,2022-W22,61
BE212,2022-W23,55
BE212,2022-W24,74
BE212,2022-W25,59
BE212,2022-W26,61
BE212,2022-W27,63
BE212,2022-W28,62
BE212,2022-W29,66
BE212,2022-W30,53
BE212,2022-W31,54
BE212,2022-W32,47
BE212,2022-W33,55
BE212,2022-W34,79
BE212,2022-W35,71
BE212,2022-W36,77
BE212,2022-W37,54
BE212,2022-W38,65
BE212,2022-W39,68
BE212,2022-W40,61
BE212,2022-W41,73
BE212,2022-W42,58
BE212,2022-W43,70
BE212,2022-W44,68
BE212,2022-W45,59
BE212,2022-W46,58
BE212,2022-W47,73
BE212,2022-W48,64
BE212,2022-W49,84
BE212,2022-W50,60
BE212,2022-W51,93
BE212,2022-W52,95
BE212,2023-W01,90
BE212,2023-W02,95
BE212,2023-W03,70
BE212,2023-W04,66
BE212,2023-W05,91
BE212,2023-W06,69
BE212,2023-W07,81
BE212,2023-W08,62
BE212,2023-W09,76
BE212,2023-W10,69
BE212,2023-W11,64
BE212,2023-W12,74
BE212,2023-W13,64
BE212,2023-W14,69
BE212,2023-W15,63
BE212,2023-W16,67
BE212,2023-W17,47
BE212,2023-W18,69
BE212,2023-W19,63
BE212,2023-W20,49
BE212,2023-W21,52
BE212,2023-W22,41
BE212,2023-W23,53
BE212,2023-W24,80
BE212,2023-W25,57
BE212,2023-W26,63
BE212,2023-W27,63
BE212,2023-W28,52
BE212,2023-W29,53
BE212,2023-W30,64
BE212,2023-W31,54
BE212,2023-W32,63
BE212,2023-W33,67
BE212,2023-W34,50
BE212,2023-W35,61
BE212,2023-W36,58
BE212,2023-W37,80
BE212,2023-W38,60
BE212,2023-W39,54
BE212,2023-W40,54
BE212,2023-W41,75
BE212,2023-W42,55
BE212,2023-W43,39
BE212,2023-W44,66
BE212,2023-W45,68
BE212,2023-W46,61
BE212,2023-W47,63
BE212,2023-W48,68
BE212,2023-W49,73
BE212,2023-W50,81
BE212,2023-W51,71
BE212,2023-W52,59
BE212,2024-W01,61
BE212,2024-W02,83
BE212,2024-W03,74
BE212,2024-W04,88
BE212,2024-W05,69
BE212,2024-W06,79
BE212,2024-W07,54
BE212,2024-W08,71
BE212,2024-W09,62
BE212,2024-W10,67
BE212,2024-W11,75
BE212,2024-W12,65
BE212,2024-W13,69
BE212,2024-W14,71
BE212,2024-W15,69
BE212,2024-W16,65
BE212,2024-W17,82
BE212,2024-W18,76
BE212,2024-W19,66
BE212,2024-W20,62
BE212,2024-W21,52
BE212,2024-W22,62
BE212,2024-W23,59
BE212,2024-W24,67
BE212,2024-W25,80
BE212,2024-W26,65
BE212,2024-W27,63
BE212,2024-W28,65
BE212,2024-W29,61
BE212,2024-W30,75
BE212,2024-W31,59
BE212,2024-W32,48
BE212,2024-W33,60
BE212,2024-W34,63
BE212,2024-W35,43
BE212,2024-W36,55
BE212,2024-W37,61
BE212,2024-W38,60
BE212,2024-W39,67
BE212,2024-W40,52
BE212,2024-W41,71
BE212,2024-W42,71
BE212,2024-W43,68
BE212,2024-W44,64
BE212,2024-W45,71
BE212,2024-W46,82
BE212,2024-W47,75
BE212,2024-W48,60
BE212,2024-W49,74
BE212,2024-W50,57
BE212,2024-W51,62
BE212,2024-W52,67
BE213,2022-W01,81
BE213,2022-W02,75
BE213,2022-W03,95
BE213,2022-W04,75
BE213,2022-W05,116
BE213,2022-W06,86
BE213,2022-W07,104
BE213,2022-W08,88
BE213,2022-W09,86
BE213,2022-W10,103
BE213,2022-W11,111
BE213,2022-W12,101
BE213,2022-W13,88
BE213,2022-W14,110
BE213,2022-W15,83
BE213,2022-W16,80
BE213,2022-W17,93
BE213,2022-W18,79
BE213,2022-W19,90
BE213,2022-W20,88
BE213,2022-W21,73
BE213,2022-W22,65
BE213,2022-W23,89
BE213,2022-W24,72
BE213,2022-W25,84
BE213,2022-W26,93
BE213,2022-W27,77
BE213,2022-W28,66
BE213,2022-W29,71
BE213,2022-W30,72
BE213,2022-W31,69
BE213,2022-W32,82
BE213,2022-W33,93
BE213,2022-W34,90
BE213,2022-W35,77
BE213,2022-W36,83
BE213,2022-W37,68
BE213,2022-W38,93
BE213,2022-W39,87
BE213,2022-W40,109
BE213,2022-W41,91
BE213,2022-W42,84
BE213,2022-W43,81
BE213,2022-W44,79
BE213,2022-W45,99
BE213,2022-W46,74
BE213,2022-W47,89
BE213,2022-W48,82
BE213,2022-W49,106
BE213,2022-W50,100
BE213,2022-W51,141
BE213,2022-W52,119
BE213,2023-W01,113
BE213,2023-W02,107
BE213,2023-W03,93
BE213,2023-W04,78
BE213,2023-W05,91
BE213,2023-W06,86
BE213,2023-W07,91
BE213,2023-W08,93
BE213,2023-W09,92
BE213,2023-W10,100
BE213,2023-W11,92
BE213,2023-W12,86
BE213,2023-W13,105
BE213,2023-W14,75
BE213,2023-W15,96
BE213,2023-W16,86
BE213,2023-W17,70
BE213,2023-W18,73
BE213,2023-W19,89
BE213,2023-W20,84
BE213,2023-W21,65
BE213,2023-W22,85
BE213,2023-W23,65
BE213,2023-W24,92
BE213,2023-W25,79
BE213,2023-W26,80
BE213,2023-W27,67
BE213,2023-W28,83
BE213,2023-W29,65
BE213,2023-W30,71
BE213,2023-W31,69
BE213,2023-W32,71
BE213,2023-W33,72
BE213,2023-W34,74
BE213,2023-W35,71
BE213,2023-W36,72
BE213,2023-W37,79
BE213,2023-W38,72
BE213,2023-W39,76
BE213,2023-W40,81
BE213,2023-W41,81
BE213,2023-W42,84
BE213,2023-W43,78
BE213,2023-W44,90
BE213,2023-W45,92
BE213,2023-W46,83
BE213,2023-W47,93
BE213,2023-W48,100
BE213,2023-W49,90
BE213,2023-W50,96
BE213,2023-W51,75
BE213,2023-W52,89
BE213,2024-W01,90
BE213,2024-W02,89
BE213,2024-W03,99
BE213,2024-W04,110
BE213,2024-W05,109
BE213,2024-W06,116
BE213,2024-W07,99
BE213,2024-W08,74
BE213,2024-W09,88
BE213,2024-W10,92
BE213,2024-W11,80
BE213,2024-W12,94
BE213,2024-W13,81
BE213,2024-W14,76
BE213,2024-W15,85
BE213,2024-W16,66
BE213,2024-W17,77
BE213,2024-W18,92
BE213,2024-W19,66
BE213,2024-W20,70
BE213,2024-W21,60
BE213,2024-W22,89
BE213,2024-W23,80
BE213,2024-W24,71
BE213,2024-W25,65
BE213,2024-W26,81
BE213,2024-W27,80
BE213,2024-W28,82
BE213,2024-W29,97
BE213,2024-W30,91
BE213,2024-W31,79
BE213,2024-W32,79
BE213,2024-W33,80
BE213,2024-W34,68
BE213,2024-W35,67
BE213,2024-W36,80
BE213,2024-W37,89
BE213,2024-W38,67
BE213,2024-W39,97
BE213,2024-W40,102
BE213,2024-W41,83
BE213,2024-W42,81
BE213,2024-W43,97
BE213,2024-W44,77
BE213,2024-W45,65
BE213,2024-W46,83
BE213,2024-W47,85
BE213,2024-W48,87
BE213,2024-W49,84
BE213,2024-W50,84
BE213,2024-W51,84
BE213,2024-W52,75
BE223,2022-W01,51
BE223,2022-W02,27
BE223,2022-W03,48
BE223,2022-W04,53
BE223,2022-W05,40
BE223,2022-W06,44
BE223,2022-W07,47
BE223,2022-W08,48
BE223,2022-W09,48
BE223,2022-W10,36
BE223,2022-W11,51
BE223,2022-W12,51
BE223,2022-W13,47
BE223,2022-W14,39
BE223,2022-W15,39
BE223,2022-W16,44
BE223,2022-W17,43
BE223,2022-W18,53
BE223,2022-W19,30
BE223,2022-W20,50
BE223,2022-W21,41
BE223,2022-W22,36
BE223,2022-W23,43
BE223,2022-W24,33
BE223,2022-W25,27
BE223,2022-W26,36
BE223,2022-W27,36
BE223,2022-W28,37
BE223,2022-W29,37
BE223,2022-W30,38
BE223,2022-W31,40
BE223,2022-W32,40
BE223,2022-W33,38
BE223,2022-W34,37
BE223,2022-W35,43
BE223,2022-W36,46
BE223,2022-W37,37
BE223,2022-W38,30
BE223,2022-W39,46
BE223,2022-W40,33
BE223,2022-W41,48
BE223,2022-W42,28
BE223,2022-W43,37
BE223,2022-W44,42
BE223,2022-W45,36
BE223,2022-W46,43
BE223,2022-W47,40
BE223,2022-W48,54
BE223,2022-W49,45
BE223,2022-W50,37
BE223,2022-W51,50
BE223,2022-W52,46
BE223,2023-W01,36
BE223,2023-W02,45
BE223,2023-W03,36
BE223,2023-W04,37
BE223,2023-W05,43
BE223,2023-W06,39
BE223,2023-W07,30
BE223,2023-W08,43
BE223,2023-W09,48
BE223,2023-W10,44
BE223,2023-W11,52
BE223,2023-W12,42
BE223,2023-W13,27
BE223,2023-W14,42
BE223,2023-W15,43
BE223,2023-W16,33
BE223,2023-W17,32
BE223,2023-W18,35
BE223,2023-W19,28
BE223,2023-W20,36
BE223,2023-W21,42
BE223,2023-W22,38
BE223,2023-W23,32
BE223,2023-W24,29
BE223,2023-W25,34
BE223,2023-W26,31
BE223,2023-W27,32
BE223,2023-W28,39
BE223,2023-W29,32
BE223,2023-W30,34
BE223,2023-W31,33
BE223,2023-W32,26
BE223,2023-W33,43
BE223,2023-W34,33
BE223,2023-W35,23
BE223,2023-W36,27
BE223,2023-W37,47
BE223,2023-W38,30
BE223,2023-W39,46
BE223,2023-W40,27
BE223,2023-W41,32
BE223,2023-W42,27
BE223,2023-W43,40
BE223,2023-W44,51
BE223,2023-W45,37
BE223,2023-W46,47
BE223,2023-W47,40
BE223,2023-W48,44
BE223,2023-W49,37
BE223,2023-W50,54
BE223,2023-W51,39
BE223,2023-W52,39
BE223,2024-W01,31
BE223,2024-W02,40
BE223,2024-W03,46
BE223,2024-W04,42
BE223,2024-W05,41
BE223,2024-W06,44
BE223,2024-W07,49
BE223,2024-W08,52
BE223,2024-W09,42
BE223,2024-W10,49
BE223,2024-W11,37
BE223,2024-W12,39
BE223,2024-W13,46
BE223,2024-W14,36
BE223,2024-W15,49
BE223,2024-W16,33
BE223,2024-W17,35
BE223,2024-W18,45
BE223,2024-W19,36
BE223,2024-W20,28
BE223,2024-W21,31
BE223,2024-W22,34
BE223,2024-W23,20
BE223,2024-W24,40
BE223,2024-W25,30
BE223,2024-W26,34
BE223,2024-W27,38
BE223,2024-W28,34
BE223,2024-W29,38
BE223,2024-W30,35
BE223,2024-W31,44
BE223,2024-W32,37
BE223,2024-W33,29
BE223,2024-W34,26
BE223,2024-W35,37
BE223,2024-W36,37
BE223,2024-W37,30
BE223,2024-W38,30
BE223,2024-W39,40
BE223,2024-W40,41
BE223,2024-W41,28
BE223,2024-W42,52
BE223,2024-W43,46
BE223,2024-W44,34
BE223,2024-W45,42
BE223,2024-W46,50
BE223,2024-W47,54
BE223,2024-W48,34
BE223,2024-W49,42
BE223,2024-W50,43
BE223,2024-W51,40
BE223,2024-W52,49
BE224,2022-W01,85
BE224,2022-W02,87
BE224,2022-W03,84
BE224,2022-W04,80
BE224,2022-W05,70
BE224,2022-W06,100
BE224,2022-W07,102
BE224,2022-W08,93
BE224,2022-W09,82
BE224,2022-W10,76
BE224,2022-W11,84
BE224,2022-W12,86
BE224,2022-W13,105
BE224,2022-W14,87
BE224,2022-W15,85
BE224,2022-W16,108
BE224,2022-W17,87
BE224,2022-W18,86
BE224,2022-W19,83
BE224,2022-W20,85
BE224,2022-W21,84
BE224,2022-W22,71
BE224,2022-W23,65
BE224,2022-W24,83
BE224,2022-W25,73
BE224,2022-W26,94
BE224,2022-W27,70
BE224,2022-W28,76
BE224,2022-W29,73
BE224,2022-W30,66
BE224,2022-W31,80
BE224,2022-W32,78
BE224,2022-W33,72
BE224,2022-W34,72
BE224,2022-W35,76
BE224,2022-W36,70
BE224,2022-W37,79
BE224,2022-W38,83
BE224,2022-W39,79
BE224,2022-W40,79
BE224,2022-W41,77
BE224,2022-W42,70
BE224,2022-W43,76
BE224,2022-W44,63
BE224,2022-W45,74
BE224,2022-W46,76
BE224,2022-W47,79
BE224,2022-W48,77
BE224,2022-W49,97
BE224,2022-W50,107
BE224,2022-W51,122
BE224,2022-W52,103
BE224,2023-W01,91
BE224,2023-W02,101
BE224,2023-W03,84
BE224,2023-W04,85
BE224,2023-W05,69
BE224,2023-W06,87
BE224,2023-W07,95
BE224,2023-W08,92
BE224,2023-W09,82
BE224,2023-W10,90
BE224,2023-W11,68
BE224,2023-W12,73
BE224,2023-W13,70
BE224,2023-W14,87
BE224,2023-W15,72
BE224,2023-W16,74
BE224,2023-W17,72
BE224,2023-W18,87
BE224,2023-W19,78
BE224,2023-W20,62
BE224,2023-W21,72
BE224,2023-W22,73
BE224,2023-W23,83
BE224,2023-W24,79
BE224,2023-W25,52
BE224,2023-W26,66
BE224,2023-W27,73
BE224,2023-W28,62
BE224,2023-W29,71
BE224,2023-W30,71
BE224,2023-W31,66
BE224,2023-W32,71
BE224,2023-W33,62
BE224,2023-W34,66
BE224,2023-W35,84
BE224,2023-W36,74
BE224,2023-W37,70
BE224,2023-W38,64
BE224,2023-W39,73
BE224,2023-W40,85
BE224,2023-W41,78
BE224,2023-W42,73
BE224,2023-W43,65
BE224,2023-W44,64
BE224,2023-W45,57
BE224,2023-W46,91
BE224,2023-W47,65
BE224,2023-W48,73
BE224,2023-W49,91
BE224,2023-W50,85
BE224,2023-W51,101
BE224,2023-W52,87
BE224,2024-W01,98
BE224,2024-W02,92
BE224,2024-W03,85
BE224,2024-W04,95
BE224,2024-W05,99
BE224,2024-W06,90
BE224,2024-W07,93
BE224,2024-W08,85
BE224,2024-W09,96
BE224,2024-W10,70
BE224,2024-W11,69
BE224,2024-W12,76
BE224,2024-W13,81
BE224,2024-W14,64
BE224,2024-W15,89
BE224,2024-W16,68
BE224,2024-W17,69
BE224,2024-W18,80
BE224,2024-W19,82
BE224,2024-W20,78
BE224,2024-W21,66
BE224,2024-W22,65
BE224,2024-W23,71
BE224,2024-W24,79
BE224,2024-W25,60
BE224,2024-W26,85
BE224,2024-W27,81
BE224,2024-W28,66
BE224,2024-W29,70
BE224,2024-W30,79
BE224,2024-W31,75
BE224,2024-W32,66
BE224,2024-W33,71
BE224,2024-W34,75
BE224,2024-W35,59
BE224,2024-W36,76
BE224,2024-W37,82
BE224,2024-W38,76
BE224,2024-W39,74
BE224,2024-W40,79
BE224,2024-W41,69
BE224,2024-W42,75
BE224,2024-W43,82
BE224,2024-W44,92
BE224,2024-W45,71
BE224,2024-W46,74
BE224,2024-W47,86
BE224,2024-W48,96
BE224,2024-W49,89
BE224,2024-W50,105
BE224,2024-W51,111
BE224,2024-W52,92
BE225,2022-W01,58
BE225,2022-W02,53
BE225,2022-W03,33
BE225,2022-W04,51
BE225,2022-W05,56
BE225,2022-W06,50
BE225,2022-W07,47
BE225,2022-W08,58
BE225,2022-W09,35
BE225,2022-W10,52
BE225,2022-W11,50
BE225,2022-W12,52
BE225,2022-W13,64
BE225,2022-W14,52
BE225,2022-W15,52
BE225,2022-W16,48
BE225,2022-W17,51
BE225,2022-W18,37
BE225,2022-W19,40
BE225,2022-W20,42
BE225,2022-W21,29
BE225,2022-W22,35
BE225,2022-W23,37
BE225,2022-W24,30
BE225,2022-W25,34
BE225,2022-W26,44
BE225,2022-W27,47
BE225,2022-W28,47
BE225,2022-W29,38
BE225,2022-W30,47
BE225,2022-W31,31
BE225,2022-W32,41
BE225,2022-W33,37
BE225,2022-W34,45
BE225,2022-W35,48
BE225,2022-W36,39
BE225,2022-W37,36
BE225,2022-W38,38
BE225,2022-W39,47
BE225,2022-W40,42
BE225,2022-W41,51
BE225,2022-W42,30
BE225,2022-W43,42
BE225,2022-W44,37
BE225,2022-W45,38
BE225,2022-W46,44
BE225,2022-W47,47
BE225,2022-W48,38
BE225,2022-W49,53
BE225,2022-W50,53
BE225,2022-W51,61
BE225,2022-W52,53
BE225,2023-W01,56
BE225,2023-W02,52
BE225,2023-W03,52
BE225,2023-W04,38
BE225,2023-W05,54
BE225,2023-W06,31
BE225,2023-W07,46
BE225,2023-W08,43
BE225,2023-W09,43
BE225,2023-W10,53
BE225,2023-W11,48
BE225,2023-W12,41
BE225,2023-W13,41
BE225,2023-W14,41
BE225,2023-W15,50
BE225,2023-W16,47
BE225,2023-W17,43
BE225,2023-W18,39
BE225,2023-W19,39
BE225,2023-W20,45
BE225,2023-W21,45
BE225,2023-W22,43
BE225,2023-W23,55
BE225,2023-W24,40
BE225,2023-W25,47
BE225,2023-W26,36
BE225,2023-W27,49
BE225,2023-W28,52
BE225,2023-W29,31
BE225,2023-W30,36
BE225,2023-W31,31
BE225,2023-W32,45
BE225,2023-W33,25
BE225,2023-W34,46
BE225,2023-W35,23
BE225,2023-W36,38
BE225,2023-W37,41
BE225,2023-W38,37
BE225,2023-W39,56
BE225,2023-W40,38
BE225,2023-W41,45
BE225,2023-W42,38
BE225,2023-W43,43
BE225,2023-W44,50
BE225,2023-W45,38
BE225,2023-W46,52
BE225,2023-W47,38
BE225,2023-W48,49
BE225,2023-W49,49
BE225,2023-W50,66
BE225,2023-W51,51
BE225,2023-W52,57
BE225,2024-W01,39
BE225,2024-W02,59
BE225,2024-W03,44
BE225,2024-W04,54
BE225,2024-W05,35
BE225,2024-W06,61
BE225,2024-W07,44
BE225,2024-W08,46
BE225,2024-W09,45
BE225,2024-W10,35
BE225,2024-W11,41
BE225,2024-W12,55
BE225,2024-W13,45
BE225,2024-W14,46
BE225,2024-W15,52
BE225,2024-W16,61
BE225,2024-W17,32
BE225,2024-W18,46
BE225,2024-W19,38
BE225,2024-W20,37
BE225,2024-W21,45
BE225,2024-W22,32
BE225,2024-W23,39
BE225,2024-W24,48
BE225,2024-W25,45
BE225,2024-W26,46
BE225,2024-W27,35
BE225,2024-W28,31
BE225,2024-W29,43
BE225,2024-W30,41
BE225,2024-W31,48
BE225,2024-W32,35
BE225,2024-W33,42
BE225,2024-W34,46
BE225,2024-W35,47
BE225,2024-W36,42
BE225,2024-W37,41
BE225,2024-W38,35
BE225,2024-W39,39
BE225,2024-W40,45
BE225,2024-W41,43
BE225,2024-W42,44
BE225,2024-W43,35
BE225,2024-W44,38
BE225,2024-W45,38
BE225,2024-W46,36
BE225,2024-W47,48
BE225,2024-W48,47
BE225,2024-W49,38
BE225,2024-W50,48
BE225,2024-W51,52
BE225,2024-W52,47
BE231,2022-W01,57
BE231,2022-W02,48
BE231,2022-W03,68
BE231,2022-W04,61
BE231,2022-W05,76
BE231,2022-W06,68
BE231,2022-W07,65
BE231,2022-W08,64
BE231,2022-W09,63
BE231,2022-W10,72
BE231,2022-W11,63
BE231,2022-W12,75
BE231,2022-W13,75
BE231,2022-W14,51
BE231,2022-W15,52
BE231,2022-W16,60
BE231,2022-W17,61
BE231,2022-W18,69
BE231,2022-W19,43
BE231,2022-W20,66
BE231,2022-W21,54
BE231,2022-W22,76
BE231,2022-W23,48
BE231,2022-W24,61
BE231,2022-W25,62
BE231,2022-W26,44
BE231,2022-W27,59
BE231,2022-W28,48
BE231,2022-W29,68
BE231,2022-W30,55
BE231,2022-W31,53
BE231,2022-W32,55
BE231,2022-W33,47
BE231,2022-W34,55
BE231,2022-W35,51
BE231,2022-W36,57
BE231,2022-W37,46
BE231,2022-W38,51
BE231,2022-W39,43
BE231,2022-W40,65
BE231,2022-W41,61
BE231,2022-W42,50
BE231,2022-W43,49
BE231,2022-W44,54
BE231,2022-W45,58
BE231,2022-W46,56
BE231,2022-W47,52
BE231,2022-W48,69
BE231,2022-W49,67
BE231,2022-W50,70
BE231,2022-W51,71
BE231,2022-W52,77
BE231,2023-W01,71
BE231,2023-W02,69
BE231,2023-W03,60
BE231,2023-W04,69
BE231,2023-W05,65
BE231,2023-W06,77
BE231,2023-W07,77
BE231,2023-W08,69
BE231,2023-W09,81
BE231,2023-W10,70
BE231,2023-W11,73
BE231,2023-W12,59
BE231,2023-W13,56
BE231,2023-W14,52
BE231,2023-W15,51
BE231,2023-W16,68
BE231,2023-W17,48
BE231,2023-W18,53
BE231,2023-W19,61
BE231,2023-W20,54
BE231,2023-W21,49
BE231,2023-W22,49
BE231,2023-W23,44
BE231,2023-W24,62
BE231,2023-W25,53
BE231,2023-W26,54
BE231,2023-W27,52
BE231,2023-W28,43
BE231,2023-W29,59
BE231,2023-W30,46
BE231,2023-W31,54
BE231,2023-W32,66
BE231,2023-W33,56
BE231,2023-W34,56
BE231,2023-W35,58
BE231,2023-W36,62
BE231,2023-W37,55
BE231,2023-W38,47
BE231,2023-W39,48
BE231,2023-W40,60
BE231,2023-W41,53
BE231,2023-W42,53
BE231,2023-W43,68
BE231,2023-W44,57
BE231,2023-W45,57
BE231,2023-W46,61
BE231,2023-W47,55
BE231,2023-W48,49
BE231,2023-W49,66
BE231,2023-W50,67
BE231,2023-W51,76
BE231,2023-W52,75
BE231,2024-W01,70
BE231,2024-W02,67
BE231,2024-W03,70
BE231,2024-W04,59
BE231,2024-W05,70
BE231,2024-W06,80
BE231,2024-W07,65
BE231,2024-W08,64
BE231,2024-W09,53
BE231,2024-W10,56
BE231,2024-W11,56
BE231,2024-W12,63
BE231,2024-W13,50
BE231,2024-W14,54
BE231,2024-W15,68
BE231,2024-W16,52
BE231,2024-W17,48
BE231,2024-W18,52
BE231,2024-W19,58
BE231,2024-W20,49
BE231,2024-W21,52
BE231,2024-W22,53
BE231,2024-W23,59
BE231,2024-W24,59
BE231,2024-W25,65
BE231,2024-W26,68
BE231,2024-W27,52
BE231,2024-W28,50
BE231,2024-W29,60
BE231,2024-W30,60
BE231,2024-W31,64
BE231,2024-W32,48
BE231,2024-W33,44
BE231,2024-W34,48
BE231,2024-W35,48
BE231,2024-W36,53
BE231,2024-W37,52
BE231,2024-W38,47
BE231,2024-W39,56
BE231,2024-W40,61
BE231,2024-W41,50
BE231,2024-W42,65
BE231,2024-W43,53
BE231,2024-W44,60
BE231,2024-W45,58
BE231,2024-W46,59
BE231,2024-W47,61
BE231,2024-W48,54
BE231,2024-W49,69
BE231,2024-W50,74
BE231,2024-W51,91
BE231,2024-W52,78
BE232,2022-W01,52
BE232,2022-W02,44
BE232,2022-W03,44
BE232,2022-W04,46
BE232,2022-W05,50
BE232,2022-W06,41
BE232,2022-W07,45
BE232,2022-W08,42
BE232,2022-W09,46
BE232,2022-W10,60
BE232,2022-W11,32
BE232,2022-W12,39
BE232,2022-W13,47
BE232,2022-W14,57
BE232,2022-W15,52
BE232,2022-W16,37
BE232,2022-W17,45
BE232,2022-W18,39
BE232,2022-W19,33
BE232,2022-W20,41
BE232,2022-W21,32
BE232,2022-W22,39
BE232,2022-W23,31
BE232,2022-W24,32
BE232,2022-W25,31
BE232,2022-W26,33
BE232,2022-W27,32
BE232,2022-W28,39
BE232,2022-W29,42
BE232,2022-W30,35
BE232,2022-W31,41
BE232,2022-W32,37
BE232,2022-W33,34
BE232,2022-W34,40
BE232,2022-W35,36
BE232,2022-W36,30
BE232,2022-W37,27
BE232,2022-W38,37
BE232,2022-W39,53
BE232,2022-W40,47
BE232,2022-W41,35
BE232,2022-W42,43
BE232,2022-W43,25
BE232,2022-W44,45
BE232,2022-W45,39
BE232,2022-W46,38
BE232,2022-W47,39
BE232,2022-W48,49
BE232,2022-W49,51
BE232,2022-W50,55
BE232,2022-W51,64
BE232,2022-W52,56
BE232,2023-W01,51
BE232,2023-W02,56
BE232,2023-W03,53
BE232,2023-W04,52
BE232,2023-W05,42
BE232,2023-W06,36
BE232,2023-W07,50
BE232,2023-W08,52
BE232,2023-W09,44
BE232,2023-W10,52
BE232,2023-W11,45
BE232,2023-W12,54
BE232,2023-W13,38
BE232,2023-W14,32
BE232,2023-W15,32
BE232,2023-W16,37
BE232,2023-W17,49
BE232,2023-W18,32
BE232,2023-W19,27
BE232,2023-W20,40
BE232,2023-W21,34
BE232,2023-W22,26
BE232,2023-W23,66
BE232,2023-W24,39
BE232,2023-W25,31
BE232,2023-W26,26
BE232,2023-W27,27
BE232,2023-W28,37
BE232,2023-W29,29
BE232,2023-W30,31
BE232,2023-W31,35
BE232,2023-W32,39
BE232,2023-W33,30
BE232,2023-W34,30
BE232,2023-W35,35
BE232,2023-W36,35
BE232,2023-W37,32
BE232,2023-W38,44
BE232,2023-W39,38
BE232,2023-W40,42
BE232,2023-W41,24
BE232,2023-W42,32
BE232,2023-W43,37
BE232,2023-W44,38
BE232,2023-W45,39
BE232,2023-W46,42
BE232,2023-W47,59
BE232,2023-W48,44
BE232,2023-W49,38
BE232,2023-W50,67
BE232,2023-W51,43
BE232,2023-W52,48
BE232,2024-W01,41
BE232,2024-W02,46
BE232,2024-W03,55
BE232,2024-W04,59
BE232,2024-W05,48
BE232,2024-W06,37
BE232,2024-W07,46
BE232,2024-W08,43
BE232,2024-W09,34
BE232,2024-W10,31
BE232,2024-W11,41
BE232,2024-W12,33
BE232,2024-W13,40
BE232,2024-W14,31
BE232,2024-W15,42
BE232,2024-W16,34
BE232,2024-W17,46
BE232,2024-W18,37
BE232,2024-W19,36
BE232,2024-W20,42
BE232,2024-W21,38
BE232,2024-W22,33
BE232,2024-W23,30
BE232,2024-W24,27
BE232,2024-W25,32
BE232,2024-W26,37
BE232,2024-W27,46
BE232,2024-W28,45
BE232,2024-W29,37
BE232,2024-W30,38
BE232,2024-W31,49
BE232,2024-W32,42
BE232,2024-W33,49
BE232,2024-W34,35
BE232,2024-W35,37
BE232,2024-W36,42
BE232,2024-W37,31
BE232,2024-W38,45
BE232,2024-W39,35
BE232,2024-W40,42
BE232,2024-W41,48
BE232,2024-W42,34
BE232,2024-W43,34
BE232,2024-W44,52
BE232,2024-W45,37
BE232,2024-W46,52
BE232,2024-W47,42
BE232,2024-W48,56
BE232,2024-W49,38
BE232,2024-W50,34
BE232,2024-W51,40
BE232,2024-W52,46
BE233,2022-W01,21
BE233,2022-W02,15
BE233,2022-W03,21
BE233,2022-W04,23
BE233,2022-W05,28
BE233,2022-W06,27
BE233,2022-W07,21
BE233,2022-W08,20
BE233,2022-W09,11
BE233,2022-W10,24
BE233,2022-W11,22
BE233,2022-W12,27
BE233,2022-W13,19
BE233,2022-W14,27
BE233,2022-W15,25
BE233,2022-W16,17
BE233,2022-W17,17
BE233,2022-W18,22
BE233,2022-W19,16
BE233,2022-W20,26
BE233,2022-W21,20
BE233,2022-W22,15
BE233,2022-W23,17
BE233,2022-W24,20
BE233,2022-W25,21
BE233,2022-W26,17
BE233,2022-W27,23
BE233,2022-W28,14
BE233,2022-W29,16
BE233,2022-W30,20
BE233,2022-W31,16
BE233,2022-W32,19
BE233,2022-W33,12
BE233,2022-W34,15
BE233,2022-W35,21
BE233,2022-W36,18
BE233,2022-W37,20
BE233,2022-W38,15
BE233,2022-W39,17
BE233,2022-W40,20
BE233,2022-W41,14
BE233,2022-W42,19
BE233,2022-W43,17
BE233,2022-W44,16
BE233,2022-W45,20
BE233,2022-W46,19
BE233,2022-W47,21
BE233,2022-W48,17
BE233,2022-W49,18
BE233,2022-W50,21
BE233,2022-W51,18
BE233,2022-W52,27
BE233,2023-W01,24
BE233,2023-W02,29
BE233,2023-W03,16
BE233,2023-W04,18
BE233,2023-W05,25
BE233,2023-W06,20
BE233,2023-W07,22
BE233,2023-W08,25
BE233,2023-W09,18
BE233,2023-W10,23
BE233,2023-W11,21
BE233,2023-W12,13
BE233,2023-W13,24
BE233,2023-W14,16
BE233,2023-W15,12
BE233,2023-W16,15
BE233,2023-W17,15
BE233,2023-W18,13
BE233,2023-W19,24
BE233,2023-W20,14
BE233,2023-W21,15
BE233,2023-W22,21
BE233,2023-W23,16
BE233,2023-W24,18
BE233,2023-W25,10
BE233,2023-W26,14
BE233,2023-W27,11
BE233,2023-W28,17
BE233,2023-W29,9
BE233,2023-W30,8
BE233,2023-W31,17
BE233,2023-W32,12
BE233,2023-W33,20
BE233,2023-W34,18
BE233,2023-W35,10
BE233,2023-W36,17
BE233,2023-W37,11
BE233,2023-W38,17
BE233,2023-W39,17
BE233,2023-W40,16
BE233,2023-W41,10
BE233,2023-W42,26
BE233,2023-W43,20
BE233,2023-W44,20
BE233,2023-W45,15
BE233,2023-W46,26
BE233,2023-W47,20
BE233,2023-W48,22
BE233,2023-W49,18
BE233,2023-W50,18
BE233,2023-W51,20
BE233,2023-W52,22
BE233,2024-W01,21
BE233,2024-W02,21
BE233,2024-W03,29
BE233,2024-W04,14
BE233,2024-W05,20
BE233,2024-W06,21
BE233,2024-W07,15
BE233,2024-W08,20
BE233,2024-W09,13
BE233,2024-W10,17
BE233,2024-W11,18
BE233,2024-W12,17
BE233,2024-W13,25
BE233,2024-W14,14
BE233,2024-W15,11
BE233,2024-W16,16
BE233,2024-W17,20
BE233,2024-W18,15
BE233,2024-W19,18
BE233,2024-W20,18
BE233,2024-W21,24
BE233,2024-W22,19
BE233,2024-W23,20
BE233,2024-W24,16
BE233,2024-W25,14
BE233,2024-W26,18
BE233,2024-W27,12
BE233,2024-W28,10
BE233,2024-W29,20
BE233,2024-W30,17
BE233,2024-W31,20
BE233,2024-W32,17
BE233,2024-W33,16
BE233,2024-W34,20
BE233,2024-W35,20
BE233,2024-W36,11
BE233,2024-W37,18
BE233,2024-W38,18
BE233,2024-W39,13
BE233,2024-W40,19
BE233,2024-W41,22
BE233,2024-W42,22
BE233,2024-W43,20
BE233,2024-W44,18
BE233,2024-W45,18
BE233,2024-W46,25
BE233,2024-W47,12
BE233,2024-W48,26
BE233,2024-W49,17
BE233,2024-W50,16
BE233,2024-W51,24
BE233,2024-W52,22
BE234,2022-W01,100
BE234,2022-W02,101
BE234,2022-W03,89
BE234,2022-W04,119
BE234,2022-W05,131
BE234,2022-W06,129
BE234,2022-W07,109
BE234,2022-W08,106
BE234,2022-W09,94
BE234,2022-W10,118
BE234,2022-W11,107
BE234,2022-W12,117
BE234,2022-W13,134
BE234,2022-W14,112
BE234,2022-W15,116
BE234,2022-W16,96
BE234,2022-W17,92
BE234,2022-W18,94
BE234,2022-W19,93
BE234,2022-W20,97
BE234,2022-W21,103
BE234,2022-W22,106
BE234,2022-W23,84
BE234,2022-W24,96
BE234,2022-W25,97
BE234,2022-W26,88
BE234,2022-W27,89
BE234,2022-W28,82
BE234,2022-W29,87
BE234,2022-W30,59
BE234,2022-W31,94
BE234,2022-W32,110
BE234,2022-W33,107
BE234,2022-W34,109
BE234,2022-W35,114
BE234,2022-W36,100
BE234,2022-W37,85
BE234,2022-W38,114
BE234,2022-W39,93
BE234,2022-W40,100
BE234,2022-W41,101
BE234,2022-W42,114
BE234,2022-W43,119
BE234,2022-W44,95
BE234,2022-W45,86
BE234,2022-W46,89
BE234,2022-W47,95
BE234,2022-W48,106
BE234,2022-W49,109
BE234,2022-W50,136
BE234,2022-W51,162
BE234,2022-W52,134
BE234,2023-W01,125
BE234,2023-W02,140
BE234,2023-W03,114
BE234,2023-W04,108
BE234,2023-W05,107
BE234,2023-W06,115
BE234,2023-W07,107
BE234,2023-W08,111
BE234,2023-W09,106
BE234,2023-W10,92
BE234,2023-W11,93
BE234,2023-W12,107
BE234,2023-W13,118
BE234,2023-W14,104
BE234,2023-W15,110
BE234,2023-W16,95
BE234,2023-W17,97
BE234,2023-W18,82
BE234,2023-W19,122
BE234,2023-W20,105
BE234,2023-W21,110
BE234,2023-W22,100
BE234,2023-W23,95
BE234,2023-W24,100
BE234,2023-W25,99
BE234,2023-W26,86
BE234,2023-W27,102
BE234,2023-W28,105
BE234,2023-W29,77
BE234,2023-W30,101
BE234,2023-W31,79
BE234,2023-W32,72
BE234,2023-W33,104
BE234,2023-W34,93
BE234,2023-W35,95
BE234,2023-W36,96
BE234,2023-W37,103
BE234,2023-W38,86
BE234,2023-W39,87
BE234,2023-W40,86
BE234,2023-W41,91
BE234,2023-W42,100
BE234,2023-W43,97
BE234,2023-W44,101
BE234,2023-W45,88
BE234,2023-W46,108
BE234,2023-W47,109
BE234,2023-W48,120
BE234,2023-W49,136
BE234,2023-W50,112
BE234,2023-W51,119
BE234,2023-W52,115
BE234,2024-W01,100
BE234,2024-W02,124
BE234,2024-W03,122
BE234,2024-W04,119
BE234,2024-W05,124
BE234,2024-W06,112
BE234,2024-W07,100
BE234,2024-W08,100
BE234,2024-W09,115
BE234,2024-W10,102
BE234,2024-W11,102
BE234,2024-W12,103
BE234,2024-W13,89
BE234,2024-W14,99
BE234,2024-W15,93
BE234,2024-W16,109
BE234,2024-W17,106
BE234,2024-W18,106
BE234,2024-W19,83
BE234,2024-W20,78
BE234,2024-W21,88
BE234,2024-W22,65
BE234,2024-W23,86
BE234,2024-W24,109
BE234,2024-W25,108
BE234,2024-W26,98
BE234,2024-W27,86
BE234,2024-W28,91
BE234,2024-W29,83
BE234,2024-W30,98
BE234,2024-W31,104
BE234,2024-W32,98
BE234,2024-W33,95
BE234,2024-W34,88
BE234,2024-W35,96
BE234,2024-W36,83
BE234,2024-W37,80
BE234,2024-W38,98
BE234,2024-W39,90
BE234,2024-W40,96
BE234,2024-W41,92
BE234,2024-W42,110
BE234,2024-W43,97
BE234,2024-W44,96
BE234,2024-W45,105
BE234,2024-W46,95
BE234,2024-W47,94
BE234,2024-W48,101
BE234,2024-W49,107
BE234,2024-W50,120
BE234,2024-W51,107
BE234,2024-W52,99
BE235,2022-W01,27
BE235,2022-W02,20
BE235,2022-W03,29
BE235,2022-W04,28
BE235,2022-W05,36
BE235,2022-W06,21
BE235,2022-W07,29
BE235,2022-W08,29
BE235,2022-W09,23
BE235,2022-W10,25
BE235,2022-W11,24
BE235,2022-W12,27
BE235,2022-W13,33
BE235,2022-W14,25
BE235,2022-W15,32
BE235,2022-W16,37
BE235,2022-W17,20
BE235,2022-W18,24
BE235,2022-W19,20
BE235,2022-W20,20
BE235,2022-W21,24
BE235,2022-W22,27
BE235,2022-W23,30
BE235,2022-W24,29
BE235,2022-W25,22
BE235,2022-W26,14
BE235,2022-W27,22
BE235,2022-W28,32
BE235,2022-W29,17
BE235,2022-W30,18
BE235,2022-W31,16
BE235,2022-W32,27
BE235,2022-W33,21
BE235,2022-W34,20
BE235,2022-W35,19
BE235,2022-W36,18
BE235,2022-W37,20
BE235,2022-W38,23
BE235,2022-W39,22
BE235,2022-W40,26
BE235,2022-W41,29
BE235,2022-W42,31
BE235,2022-W43,18
BE235,2022-W44,23
BE235,2022-W45,20
BE235,2022-W46,30
BE235,2022-W47,13
BE235,2022-W48,22
BE235,2022-W49,25
BE235,2022-W50,33
BE235,2022-W51,33
BE235,2022-W52,38
BE235,2023-W01,38
BE235,2023-W02,30
BE235,2023-W03,29
BE235,2023-W04,30
BE235,2023-W05,42
BE235,2023-W06,19
BE235,2023-W07,22
BE235,2023-W08,21
BE235,2023-W09,28
BE235,2023-W10,27
BE235,2023-W11,31
BE235,2023-W12,25
BE235,2023-W13,26
BE235,2023-W14,22
BE235,2023-W15,16
BE235,2023-W16,28
BE235,2023-W17,24
BE235,2023-W18,19
BE235,2023-W19,29
BE235,2023-W20,25
BE235,2023-W21,28
BE235,2023-W22,16
BE235,2023-W23,26
BE235,2023-W24,24
BE235,2023-W25,31
BE235,2023-W26,22
BE235,2023-W27,15
BE235,2023-W28,19
BE235,2023-W29,15
BE235,2023-W30,22
BE235,2023-W31,23
BE235,2023-W32,25
BE235,2023-W33,9
BE235,2023-W34,24
BE235,2023-W35,19
BE235,2023-W36,22
BE235,2023-W37,17
BE235,2023-W38,23
BE235,2023-W39,19
BE235,2023-W40,21
BE235,2023-W41,19
BE235,2023-W42,23
BE235,2023-W43,26
BE235,2023-W44,20
BE235,2023-W45,29
BE235,2023-W46,24
BE235,2023-W47,30
BE235,2023-W48,27
BE235,2023-W49,30
BE235,2023-W50,27
BE235,2023-W51,27
BE235,2023-W52,20
BE235,2024-W01,30
BE235,2024-W02,22
BE235,2024-W03,25
BE235,2024-W04,35
BE235,2024-W05,37
BE235,2024-W06,39
BE235,2024-W07,22
BE235,2024-W08,39
BE235,2024-W09,32
BE235,2024-W10,36
BE235,2024-W11,29
BE235,2024-W12,37
BE235,2024-W13,29
BE235,2024-W14,21
BE235,2024-W15,21
BE235,2024-W16,27
BE235,2024-W17,30
BE235,2024-W18,19
BE235,2024-W19,20
BE235,2024-W20,21
BE235,2024-W21,30
BE235,2024-W22,15
BE235,2024-W23,22
BE235,2024-W24,30
BE235,2024-W25,21
BE235,2024-W26,21
BE235,2024-W27,26
BE235,2024-W28,30
BE235,2024-W29,25
BE235,2024-W30,17
BE235,2024-W31,20
BE235,2024-W32,18
BE235,2024-W33,21
BE235,2024-W34,22
BE235,2024-W35,18
BE235,2024-W36,13
BE235,2024-W37,23
BE235,2024-W38,21
BE235,2024-W39,26
BE235,2024-W40,35
BE235,2024-W41,26
BE235,2024-W42,23
BE235,2024-W43,23
BE235,2024-W44,30
BE235,2024-W45,20
BE235,2024-W46,22
BE235,2024-W47,22
BE235,2024-W48,28
BE235,2024-W49,40
BE235,2024-W50,27
BE235,2024-W51,23
BE235,2024-W52,30
BE236,2022-W01,50
BE236,2022-W02,42
BE236,2022-W03,53
BE236,2022-W04,58
BE236,2022-W05,51
BE236,2022-W06,52
BE236,2022-W07,50
BE236,2022-W08,35
BE236,2022-W09,45
BE236,2022-W10,58
BE236,2022-W11,41
BE236,2022-W12,45
BE236,2022-W13,50
BE236,2022-W14,55
BE236,2022-W15,58
BE236,2022-W16,53
BE236,2022-W17,49
BE236,2022-W18,59
BE236,2022-W19,43
BE236,2022-W20,48
BE236,2022-W21,40
BE236,2022-W22,35
BE236,2022-W23,49
BE236,2022-W24,51
BE236,2022-W25,34
BE236,2022-W26,45
BE236,2022-W27,45
BE236,2022-W28,48
BE236,2022-W29,46
BE236,2022-W30,47
BE236,2022-W31,48
BE236,2022-W32,34
BE236,2022-W33,52
BE236,2022-W34,49
BE236,2022-W35,47
BE236,2022-W36,43
BE236,2022-W37,36
BE236,2022-W38,26
BE236,2022-W39,44
BE236,2022-W40,45
BE236,2022-W41,38
BE236,2022-W42,41
BE236,2022-W43,54
BE236,2022-W44,51
BE236,2022-W45,54
BE236,2022-W46,48
BE236,2022-W47,44
BE236,2022-W48,56
BE236,2022-W49,52
BE236,2022-W50,62
BE236,2022-W51,75
BE236,2022-W52,52
BE236,2023-W01,59
BE236,2023-W02,53
BE236,2023-W03,48
BE236,2023-W04,56
BE236,2023-W05,39
BE236,2023-W06,76
BE236,2023-W07,61
BE236,2023-W08,55
BE236,2023-W09,48
BE236,2023-W10,61
BE236,2023-W11,40
BE236,2023-W12,52
BE236,2023-W13,37
BE236,2023-W14,44
BE236,2023-W15,49
BE236,2023-W16,31
BE236,2023-W17,44
BE236,2023-W18,35
BE236,2023-W19,34
BE236,2023-W20,40
BE236,2023-W21,30
BE236,2023-W22,36
BE236,2023-W23,37
BE236,2023-W24,64
BE236,2023-W25,47
BE236,2023-W26,37
BE236,2023-W27,65
BE236,2023-W28,42
BE236,2023-W29,35
BE236,2023-W30,40
BE236,2023-W31,40
BE236,2023-W32,38
BE236,2023-W33,48
BE236,2023-W34,41
BE236,2023-W35,28
BE236,2023-W36,50
BE236,2023-W37,41
BE236,2023-W38,48
BE236,2023-W39,41
BE236,2023-W40,42
BE236,2023-W41,40
BE236,2023-W42,51
BE236,2023-W43,45
BE236,2023-W44,52
BE236,2023-W45,39
BE236,2023-W46,39
BE236,2023-W47,48
BE236,2023-W48,49
BE236,2023-W49,66
BE236,2023-W50,41
BE236,2023-W51,62
BE236,2023-W52,53
BE236,2024-W01,59
BE236,2024-W02,48
BE236,2024-W03,59
BE236,2024-W04,70
BE236,2024-W05,48
BE236,2024-W06,51
BE236,2024-W07,55
BE236,2024-W08,52
BE236,2024-W09,49
BE236,2024-W10,52
BE236,2024-W11,45
BE236,2024-W12,49
BE236,2024-W13,66
BE236,2024-W14,43
BE236,2024-W15,46
BE236,2024-W16,38
BE236,2024-W17,48
BE236,2024-W18,49
BE236,2024-W19,51
BE236,2024-W20,46
BE236,2024-W21,36
BE236,2024-W22,27
BE236,2024-W23,41
BE236,2024-W24,47
BE236,2024-W25,41
BE236,2024-W26,44
BE236,2024-W27,34
BE236,2024-W28,51
BE236,2024-W29,41
BE236,2024-W30,43
BE236,2024-W31,36
BE236,2024-W32,34
BE236,2024-W33,42
BE236,2024-W34,29
BE236,2024-W35,55
BE236,2024-W36,41
BE236,2024-W37,42
BE236,2024-W38,48
BE236,2024-W39,34
BE236,2024-W40,57
BE236,2024-W41,49
BE236,2024-W42,41
BE236,2024-W43,52
BE236,2024-W44,45
BE236,2024-W45,47
BE236,2024-W46,58
BE236,2024-W47,64
BE236,2024-W48,50
BE236,2024-W49,38
BE236,2024-W50,58
BE236,2024-W51,48
BE236,2024-W52,51
BE241,2022-W01,124
BE241,2022-W02,131
BE241,2022-W03,135
BE241,2022-W04,131
BE241,2022-W05,122
BE241,2022-W06,129
BE241,2022-W07,128
BE241,2022-W08,109
BE241,2022-W09,117
BE241,2022-W10,137
BE241,2022-W11,122
BE241,2022-W12,130
BE241,2022-W13,120
BE241,2022-W14,155
BE241,2022-W15,117
BE241,2022-W16,119
BE241,2022-W17,113
BE241,2022-W18,98
BE241,2022-W19,126
BE241,2022-W20,108
BE241,2022-W21,91
BE241,2022-W22,112
BE241,2022-W23,102
BE241,2022-W24,113
BE241,2022-W25,105
BE241,2022-W26,83
BE241,2022-W27,103
BE241,2022-W28,88
BE241,2022-W29,116
BE241,2022-W30,86
BE241,2022-W31,101
BE241,2022-W32,105
BE241,2022-W33,108
BE241,2022-W34,101
BE241,2022-W35,96
BE241,2022-W36,105
BE241,2022-W37,103
BE241,2022-W38,112
BE241,2022-W39,96
BE241,2022-W40,108
BE241,2022-W41,114
BE241,2022-W42,120
BE241,2022-W43,100
BE241,2022-W44,102
BE241,2022-W45,95
BE241,2022-W46,96
BE241,2022-W47,104
BE241,2022-W48,113
BE241,2022-W49,140
BE241,2022-W50,152
BE241,2022-W51,155
BE241,2022-W52,148
BE241,2023-W01,140
BE241,2023-W02,119
BE241,2023-W03,114
BE241,2023-W04,125
BE241,2023-W05,126
BE241,2023-W06,119
BE241,2023-W07,127
BE241,2023-W08,113
BE241,2023-W09,120
BE241,2023-W10,118
BE241,2023-W11,131
BE241,2023-W12,102
BE241,2023-W13,107
BE241,2023-W14,110
BE241,2023-W15,88
BE241,2023-W16,98
BE241,2023-W17,97
BE241,2023-W18,110
BE241,2023-W19,107
BE241,2023-W20,98
BE241,2023-W21,115
BE241,2023-W22,97
BE241,2023-W23,110
BE241,2023-W24,114
BE241,2023-W25,106
BE241,2023-W26,97
BE241,2023-W27,106
BE241,2023-W28,94
BE241,2023-W29,94
BE241,2023-W30,87
BE241,2023-W31,91
BE241,2023-W32,84
BE241,2023-W33,109
BE241,2023-W34,110
BE241,2023-W35,121
BE241,2023-W36,108
BE241,2023-W37,99
BE241,2023-W38,115
BE241,2023-W39,107
BE241,2023-W40,111
BE241,2023-W41,108
BE241,2023-W42,109
BE241,2023-W43,118
BE241,2023-W44,102
BE241,2023-W45,118
BE241,2023-W46,109
BE241,2023-W47,92
BE241,2023-W48,112
BE241,2023-W49,127
BE241,2023-W50,119
BE241,2023-W51,119
BE241,2023-W52,120
BE241,2024-W01,118
BE241,2024-W02,132
BE241,2024-W03,140
BE241,2024-W04,132
BE241,2024-W05,128
BE241,2024-W06,140
BE241,2024-W07,118
BE241,2024-W08,122
BE241,2024-W09,103
BE241,2024-W10,109
BE241,2024-W11,104
BE241,2024-W12,99
BE241,2024-W13,115
BE241,2024-W14,109
BE241,2024-W15,99
BE241,2024-W16,120
BE241,2024-W17,110
BE241,2024-W18,107
BE241,2024-W19,107
BE241,2024-W20,89
BE241,2024-W21,77
BE241,2024-W22,97
BE241,2024-W23,112
BE241,2024-W24,104
BE241,2024-W25,116
BE241,2024-W26,108
BE241,2024-W27,84
BE241,2024-W28,88
BE241,2024-W29,77
BE241,2024-W30,91
BE241,2024-W31,87
BE241,2024-W32,97
BE241,2024-W33,78
BE241,2024-W34,111
BE241,2024-W35,100
BE241,2024-W36,104
BE241,2024-W37,92
BE241,2024-W38,106
BE241,2024-W39,108
BE241,2024-W40,100
BE241,2024-W41,116
BE241,2024-W42,116
BE241,2024-W43,120
BE241,2024-W44,114
BE241,2024-W45,110
BE241,2024-W46,98
BE241,2024-W47,87
BE241,2024-W48,122
BE241,2024-W49,140
BE241,2024-W50,99
BE241,2024-W51,144
BE241,2024-W52,137
BE242,2022-W01,100
BE242,2022-W02,92
BE242,2022-W03,98
BE242,2022-W04,108
BE242,2022-W05,125
BE242,2022-W06,106
BE242,2022-W07,114
BE242,2022-W08,93
BE242,2022-W09,95
BE242,2022-W10,91
BE242,2022-W11,95
BE242,2022-W12,124
BE242,2022-W13,139
BE242,2022-W14,129
BE242,2022-W15,111
BE242,2022-W16,97
BE242,2022-W17,103
BE242,2022-W18,102
BE242,2022-W19,94
BE242,2022-W20,97
BE242,2022-W21,89
BE242,2022-W22,83
BE242,2022-W23,101
BE242,2022-W24,99
BE242,2022-W25,85
BE242,2022-W26,89
BE242,2022-W27,99
BE242,2022-W28,93
BE242,2022-W29,80
BE242,2022-W30,80
BE242,2022-W31,88
BE242,2022-W32,106
BE242,2022-W33,93
BE242,2022-W34,78
BE242,2022-W35,89
BE242,2022-W36,89
BE242,2022-W37,90
BE242,2022-W38,97
BE242,2022-W39,82
BE242,2022-W40,111
BE242,2022-W41,95
BE242,2022-W42,99
BE242,2022-W43,88
BE242,2022-W44,81
BE242,2022-W45,76
BE242,2022-W46,86
BE242,2022-W47,105
BE242,2022-W48,95
BE242,2022-W49,121
BE242,2022-W50,122
BE242,2022-W51,124
BE242,2022-W52,119
BE242,2023-W01,112
BE242,2023-W02,110
BE242,2023-W03,84
BE242,2023-W04,125
BE242,2023-W05,103
BE242,2023-W06,105
BE242,2023-W07,118
BE242,2023-W08,98
BE242,2023-W09,111
BE242,2023-W10,100
BE242,2023-W11,119
BE242,2023-W12,107
BE242,2023-W13,106
BE242,2023-W14,86
BE242,2023-W15,87
BE242,2023-W16,84
BE242,2023-W17,94
BE242,2023-W18,92
BE242,2023-W19,91
BE242,2023-W20,91
BE242,2023-W21,74
BE242,2023-W22,87
BE242,2023-W23,93
BE242,2023-W24,86
BE242,2023-W25,84
BE242,2023-W26,75
BE242,2023-W27,90
BE242,2023-W28,77
BE242,2023-W29,79
BE242,2023-W30,85
BE242,2023-W31,87
BE242,2023-W32,91
BE242,2023-W33,81
BE242,2023-W34,88
BE242,2023-W35,79
BE242,2023-W36,85
BE242,2023-W37,103
BE242,2023-W38,77
BE242,2023-W39,73
BE242,2023-W40,75
BE242,2023-W41,83
BE242,2023-W42,89
BE242,2023-W43,107
BE242,2023-W44,76
BE242,2023-W45,83
BE242,2023-W46,111
BE242,2023-W47,93
BE242,2023-W48,90
BE242,2023-W49,100
BE242,2023-W50,104
BE242,2023-W51,104
BE242,2023-W52,114
BE242,2024-W01,98
BE242,2024-W02,114
BE242,2024-W03,117
BE242,2024-W04,106
BE242,2024-W05,103
BE242,2024-W06,101
BE242,2024-W07,123
BE242,2024-W08,100
BE242,2024-W09,101
BE242,2024-W10,105
BE242,2024-W11,97
BE242,2024-W12,89
BE242,2024-W13,89
BE242,2024-W14,101
BE242,2024-W15,80
BE242,2024-W16,119
BE242,2024-W17,109
BE242,2024-W18,107
BE242,2024-W19,98
BE242,2024-W20,107
BE242,2024-W21,89
BE242,2024-W22,86
BE242,2024-W23,88
BE242,2024-W24,103
BE242,2024-W25,84
BE242,2024-W26,93
BE242,2024-W27,70
BE242,2024-W28,75
BE242,2024-W29,85
BE242,2024-W30,83
BE242,2024-W31,72
BE242,2024-W32,99
BE242,2024-W33,96
BE242,2024-W34,111
BE242,2024-W35,71
BE242,2024-W36,84
BE242,2024-W37,79
BE242,2024-W38,88
BE242,2024-W39,97
BE242,2024-W40,93
BE242,2024-W41,101
BE242,2024-W42,86
BE242,2024-W43,109
BE242,2024-W44,69
BE242,2024-W45,87
BE242,2024-W46,102
BE242,2024-W47,76
BE242,2024-W48,90
BE242,2024-W49,93
BE242,2024-W50,114
BE242,2024-W51,92
BE242,2024-W52,100
BE254,2022-W01,57
BE254,2022-W02,76
BE254,2022-W03,57
BE254,2022-W04,72
BE254,2022-W05,81
BE254,2022-W06,68
BE254,2022-W07,63
BE254,2022-W08,67
BE254,2022-W09,70
BE254,2022-W10,82
BE254,2022-W11,57
BE254,2022-W12,65
BE254,2022-W13,70
BE254,2022-W14,70
BE254,2022-W15,77
BE254,2022-W16,69
BE254,2022-W17,64
BE254,2022-W18,60
BE254,2022-W19,54
BE254,2022-W20,58
BE254,2022-W21,58
BE254,2022-W22,48
BE254,2022-W23,37
BE254,2022-W24,58
BE254,2022-W25,54
BE254,2022-W26,57
BE254,2022-W27,49
BE254,2022-W28,58
BE254,2022-W29,57
BE254,2022-W30,47
BE254,2022-W31,58
BE254,2022-W32,37
BE254,2022-W33,60
BE254,2022-W34,45
BE254,2022-W35,46
BE254,2022-W36,50
BE254,2022-W37,52
BE254,2022-W38,31
BE254,2022-W39,41
BE254,2022-W40,68
BE254,2022-W41,58
BE254,2022-W42,64
BE254,2022-W43,60
BE254,2022-W44,45
BE254,2022-W45,51
BE254,2022-W46,70
BE254,2022-W47,50
BE254,2022-W48,73
BE254,2022-W49,71
BE254,2022-W50,64
BE254,2022-W51,66
BE254,2022-W52,68
BE254,2023-W01,77
BE254,2023-W02,78
BE254,2023-W03,62
BE254,2023-W04,70
BE254,2023-W05,59
BE254,2023-W06,65
BE254,2023-W07,78
BE254,2023-W08,60
BE254,2023-W09,62
BE254,2023-W10,63
BE254,2023-W11,79
BE254,2023-W12,61
BE254,2023-W13,73
BE254,2023-W14,64
BE254,2023-W15,46
BE254,2023-W16,71
BE254,2023-W17,53
BE254,2023-W18,51
BE254,2023-W19,61
BE254,2023-W20,54
BE254,2023-W21,47
BE254,2023-W22,60
BE254,2023-W23,53
BE254,2023-W24,53
BE254,2023-W25,56
BE254,2023-W26,48
BE254,2023-W27,55
BE254,2023-W28,56
BE254,2023-W29,58
BE254,2023-W30,51
BE254,2023-W31,55
BE254,2023-W32,48
BE254,2023-W33,46
BE254,2023-W34,55
BE254,2023-W35,46
BE254,2023-W36,45
BE254,2023-W37,46
BE254,2023-W38,35
BE254,2023-W39,61
BE254,2023-W40,52
BE254,2023-W41,44
BE254,2023-W42,55
BE254,2023-W43,58
BE254,2023-W44,51
BE254,2023-W45,65
BE254,2023-W46,50
BE254,2023-W47,56
BE254,2023-W48,59
BE254,2023-W49,53
BE254,2023-W50,55
BE254,2023-W51,70
BE254,2023-W52,57
BE254,2024-W01,72
BE254,2024-W02,67
BE254,2024-W03,76
BE254,2024-W04,72
BE254,2024-W05,77
BE254,2024-W06,67
BE254,2024-W07,53
BE254,2024-W08,54
BE254,2024-W09,66
BE254,2024-W10,64
BE254,2024-W11,49
BE254,2024-W12,52
BE254,2024-W13,59
BE254,2024-W14,62
BE254,2024-W15,57
BE254,2024-W16,48
BE254,2024-W17,57
BE254,2024-W18,57
BE254,2024-W19,31
BE254,2024-W20,55
BE254,2024-W21,62
BE254,2024-W22,60
BE254,2024-W23,53
BE254,2024-W24,63
BE254,2024-W25,52
BE254,2024-W26,78
BE254,2024-W27,55
BE254,2024-W28,50
BE254,2024-W29,55
BE254,2024-W30,62
BE254,2024-W31,54
BE254,2024-W32,61
BE254,2024-W33,64
BE254,2024-W34,54
BE254,2024-W35,47
BE254,2024-W36,50
BE254,2024-W37,54
BE254,2024-W38,67
BE254,2024-W39,48
BE254,2024-W40,55
BE254,2024-W41,52
BE254,2024-W42,55
BE254,2024-W43,62
BE254,2024-W44,51
BE254,2024-W45,60
BE254,2024-W46,40
BE254,2024-W47,72
BE254,2024-W48,49
BE254,2024-W49,69
BE254,2024-W50,64
BE254,2024-W51,66
BE254,2024-W52,77
BE310,2022-W01,64
BE310,2022-W02,88
BE310,2022-W03,96
BE310,2022-W04,72
BE310,2022-W05,84
BE310,2022-W06,83
BE310,2022-W07,84
BE310,2022-W08,81
BE310,2022-W09,80
BE310,2022-W10,79
BE310,2022-W11,90
BE310,2022-W12,75
BE310,2022-W13,65
BE310,2022-W14,84
BE310,2022-W15,93
BE310,2022-W16,92
BE310,2022-W17,76
BE310,2022-W18,84
BE310,2022-W19,54
BE310,2022-W20,60
BE310,2022-W21,57
BE310,2022-W22,53
BE310,2022-W23,66
BE310,2022-W24,72
BE310,2022-W25,72
BE310,2022-W26,79
BE310,2022-W27,66
BE310,2022-W28,70
BE310,2022-W29,71
BE310,2022-W30,79
BE310,2022-W31,76
BE310,2022-W32,67
BE310,2022-W33,62
BE310,2022-W34,70
BE310,2022-W35,70
BE310,2022-W36,47
BE310,2022-W37,57
BE310,2022-W38,85
BE310,2022-W39,66
BE310,2022-W40,66
BE310,2022-W41,76
BE310,2022-W42,72
BE310,2022-W43,73
BE310,2022-W44,62
BE310,2022-W45,74
BE310,2022-W46,70
BE310,2022-W47,65
BE310,2022-W48,70
BE310,2022-W49,93
BE310,2022-W50,80
BE310,2022-W51,109
BE310,2022-W52,81
BE310,2023-W01,87
BE310,2023-W02,77
BE310,2023-W03,75
BE310,2023-W04,66
BE310,2023-W05,77
BE310,2023-W06,84
BE310,2023-W07,78
BE310,2023-W08,74
BE310,2023-W09,71
BE310,2023-W10,94
BE310,2023-W11,77
BE310,2023-W12,68
BE310,2023-W13,69
BE310,2023-W14,61
BE310,2023-W15,62
BE310,2023-W16,60
BE310,2023-W17,61
BE310,2023-W18,56
BE310,2023-W19,75
BE310,2023-W20,69
BE310,2023-W21,66
BE310,2023-W22,63
BE310,2023-W23,78
BE310,2023-W24,71
BE310,2023-W25,50
BE310,2023-W26,70
BE310,2023-W27,63
BE310,2023-W28,73
BE310,2023-W29,41
BE310,2023-W30,63
BE310,2023-W31,70
BE310,2023-W32,69
BE310,2023-W33,59
BE310,2023-W34,66
BE310,2023-W35,57
BE310,2023-W36,73
BE310,2023-W37,67
BE310,2023-W38,57
BE310,2023-W39,58
BE310,2023-W40,58
BE310,2023-W41,72
BE310,2023-W42,82
BE310,2023-W43,80
BE310,2023-W44,75
BE310,2023-W45,66
BE310,2023-W46,84
BE310,2023-W47,80
BE310,2023-W48,102
BE310,2023-W49,75
BE310,2023-W50,86
BE310,2023-W51,88
BE310,2023-W52,82
BE310,2024-W01,82
BE310,2024-W02,97
BE310,2024-W03,95
BE310,2024-W04,77
BE310,2024-W05,89
BE310,2024-W06,79
BE310,2024-W07,73
BE310,2024-W08,69
BE310,2024-W09,68
BE310,2024-W10,77
BE310,2024-W11,81
BE310,2024-W12,82
BE310,2024-W13,67
BE310,2024-W14,65
BE310,2024-W15,66
BE310,2024-W16,67
BE310,2024-W17,81
BE310,2024-W18,62
BE310,2024-W19,51
BE310,2024-W20,64
BE310,2024-W21,65
BE310,2024-W22,58
BE310,2024-W23,70
BE310,2024-W24,73
BE310,2024-W25,79
BE310,2024-W26,84
BE310,2024-W27,61
BE310,2024-W28,56
BE310,2024-W29,70
BE310,2024-W30,69
BE310,2024-W31,86
BE310,2024-W32,74
BE310,2024-W33,90
BE310,2024-W34,66
BE310,2024-W35,59
BE310,2024-W36,58
BE310,2024-W37,80
BE310,2024-W38,79
BE310,2024-W39,62
BE310,2024-W40,72
BE310,2024-W41,64
BE310,2024-W42,71
BE310,2024-W43,59
BE310,2024-W44,52
BE310,2024-W45,65
BE310,2024-W46,55
BE310,2024-W47,90
BE310,2024-W48,93
BE310,2024-W49,71
BE310,2024-W50,83
BE310,2024-W51,89
BE310,2024-W52,79
BE323,2022-W01,53
BE323,2022-W02,64
BE323,2022-W03,66
BE323,2022-W04,58
BE323,2022-W05,60
BE323,2022-W06,62
BE323,2022-W07,63
BE323,2022-W08,47
BE323,2022-W09,64
BE323,2022-W10,58
BE323,2022-W11,62
BE323,2022-W12,51
BE323,2022-W13,67
BE323,2022-W14,70
BE323,2022-W15,47
BE323,2022-W16,58
BE323,2022-W17,48
BE323,2022-W18,65
BE323,2022-W19,60
BE323,2022-W20,58
BE323,2022-W21,25
BE323,2022-W22,56
BE323,2022-W23,50
BE323,2022-W24,65
BE323,2022-W25,54
BE323,2022-W26,45
BE323,2022-W27,39
BE323,2022-W28,67
BE323,2022-W29,63
BE323,2022-W30,51
BE323,2022-W31,58
BE323,2022-W32,64
BE323,2022-W33,65
BE323,2022-W34,52
BE323,2022-W35,35
BE323,2022-W36,47
BE323,2022-W37,46
BE323,2022-W38,49
BE323,2022-W39,58
BE323,2022-W40,59
BE323,2022-W41,64
BE323,2022-W42,43
BE323,2022-W43,54
BE323,2022-W44,44
BE323,2022-W45,55
BE323,2022-W46,59
BE323,2022-W47,51
BE323,2022-W48,57
BE323,2022-W49,57
BE323,2022-W50,46
BE323,2022-W51,71
BE323,2022-W52,69
BE323,2023-W01,86
BE323,2023-W02,61
BE323,2023-W03,56
BE323,2023-W04,45
BE323,2023-W05,70
BE323,2023-W06,52
BE323,2023-W07,60
BE323,2023-W08,69
BE323,2023-W09,65
BE323,2023-W10,63
BE323,2023-W11,64
BE323,2023-W12,58
BE323,2023-W13,55
BE323,2023-W14,66
BE323,2023-W15,48
BE323,2023-W16,43
BE323,2023-W17,48
BE323,2023-W18,50
BE323,2023-W19,51
BE323,2023-W20,50
BE323,2023-W21,56
BE323,2023-W22,58
BE323,2023-W23,60
BE323,2023-W24,50
BE323,2023-W25,50
BE323,2023-W26,38
BE323,2023-W27,49
BE323,2023-W28,57
BE323,2023-W29,40
BE323,2023-W30,59
BE323,2023-W31,49
BE323,2023-W32,44
BE323,2023-W33,54
BE323,2023-W34,45
BE323,2023-W35,40
BE323,2023-W36,57
BE323,2023-W37,39
BE323,2023-W38,43
BE323,2023-W39,45
BE323,2023-W40,53
BE323,2023-W41,52
BE323,2023-W42,69
BE323,2023-W43,51
BE323,2023-W44,52
BE323,2023-W45,59
BE323,2023-W46,47
BE323,2023-W47,57
BE323,2023-W48,43
BE323,2023-W49,70
BE323,2023-W50,73
BE323,2023-W51,63
BE323,2023-W52,76
BE323,2024-W01,55
BE323,2024-W02,61
BE323,2024-W03,80
BE323,2024-W04,60
BE323,2024-W05,80
BE323,2024-W06,55
BE323,2024-W07,55
BE323,2024-W08,64
BE323,2024-W09,62
BE323,2024-W10,70
BE323,2024-W11,56
BE323,2024-W12,51
BE323,2024-W13,65
BE323,2024-W14,55
BE323,2024-W15,51
BE323,2024-W16,42
BE323,2024-W17,50
BE323,2024-W18,63
BE323,2024-W19,41
BE323,2024-W20,60
BE323,2024-W21,39
BE323,2024-W22,49
BE323,2024-W23,56
BE323,2024-W24,54
BE323,2024-W25,50
BE323,2024-W26,46
BE323,2024-W27,57
BE323,2024-W28,60
BE323,2024-W29,40
BE323,2024-W30,50
BE323,2024-W31,49
BE323,2024-W32,51
BE323,2024-W33,45
BE323,2024-W34,44
BE323,2024-W35,58
BE323,2024-W36,42
BE323,2024-W37,49
BE323,2024-W38,49
BE323,2024-W39,39
BE323,2024-W40,53
BE323,2024-W41,54
BE323,2024-W42,60
BE323,2024-W43,53
BE323,2024-W44,48
BE323,2024-W45,49
BE323,2024-W46,60
BE323,2024-W47,59
BE323,2024-W48,46
BE323,2024-W49,68
BE323,2024-W50,47
BE323,2024-W51,57
BE323,2024-W52,52
BE328,2022-W01,63
BE328,2022-W02,48
BE328,2022-W03,50
BE328,2022-W04,57
BE328,2022-W05,52
BE328,2022-W06,70
BE328,2022-W07,52
BE328,2022-W08,67
BE328,2022-W09,46
BE328,2022-W10,53
BE328,2022-W11,41
BE328,2022-W12,58
BE328,2022-W13,56
BE328,2022-W14,71
BE328,2022-W15,56
BE328,2022-W16,55
BE328,2022-W17,42
BE328,2022-W18,55
BE328,2022-W19,47
BE328,2022-W20,46
BE328,2022-W21,44
BE328,2022-W22,37
BE328,2022-W23,41
BE328,2022-W24,50
BE328,2022-W25,55
BE328,2022-W26,51
BE328,2022-W27,41
BE328,2022-W28,60
BE328,2022-W29,47
BE328,2022-W30,30
BE328,2022-W31,48
BE328,2022-W32,51
BE328,2022-W33,45
BE328,2022-W34,47
BE328,2022-W35,36
BE328,2022-W36,53
BE328,2022-W37,43
BE328,2022-W38,49
BE328,2022-W39,49
BE328,2022-W40,52
BE328,2022-W41,53
BE328,2022-W42,57
BE328,2022-W43,51
BE328,2022-W44,38
BE328,2022-W45,48
BE328,2022-W46,39
BE328,2022-W47,56
BE328,2022-W48,49
BE328,2022-W49,68
BE328,2022-W50,58
BE328,2022-W51,66
BE328,2022-W52,62
BE328,2023-W01,68
BE328,2023-W02,58
BE328,2023-W03,59
BE328,2023-W04,56
BE328,2023-W05,53
BE328,2023-W06,54
BE328,2023-W07,45
BE328,2023-W08,49
BE328,2023-W09,35
BE328,2023-W10,64
BE328,2023-W11,45
BE328,2023-W12,46
BE328,2023-W13,52
BE328,2023-W14,67
BE328,2023-W15,48
BE328,2023-W16,52
BE328,2023-W17,45
BE328,2023-W18,53
BE328,2023-W19,55
BE328,2023-W20,48
BE328,2023-W21,41
BE328,2023-W22,52
BE328,2023-W23,45
BE328,2023-W24,46
BE328,2023-W25,43
BE328,2023-W26,47
BE328,2023-W27,48
BE328,2023-W28,42
BE328,2023-W29,41
BE328,2023-W30,47
BE328,2023-W31,38
BE328,2023-W32,50
BE328,2023-W33,34
BE328,2023-W34,39
BE328,2023-W35,26
BE328,2023-W36,55
BE328,2023-W37,45
BE328,2023-W38,40
BE328,2023-W39,40
BE328,2023-W40,39
BE328,2023-W41,53
BE328,2023-W42,46
BE328,2023-W43,51
BE328,2023-W44,49
BE328,2023-W45,49
BE328,2023-W46,61
BE328,2023-W47,49
BE328,2023-W48,52
BE328,2023-W49,55
BE328,2023-W50,43
BE328,2023-W51,52
BE328,2023-W52,56
BE328,2024-W01,65
BE328,2024-W02,65
BE328,2024-W03,50
BE328,2024-W04,68
BE328,2024-W05,61
BE328,2024-W06,57
BE328,2024-W07,64
BE328,2024-W08,52
BE328,2024-W09,54
BE328,2024-W10,33
BE328,2024-W11,43
BE328,2024-W12,50
BE328,2024-W13,41
BE328,2024-W14,43
BE328,2024-W15,55
BE328,2024-W16,49
BE328,2024-W17,53
BE328,2024-W18,43
BE328,2024-W19,36
BE328,2024-W20,44
BE328,2024-W21,33
BE328,2024-W22,36
BE328,2024-W23,43
BE328,2024-W24,39
BE328,2024-W25,52
BE328,2024-W26,56
BE328,2024-W27,53
BE328,2024-W28,42
BE328,2024-W29,54
BE328,2024-W30,42
BE328,2024-W31,52
BE328,2024-W32,40
BE328,2024-W33,39
BE328,2024-W34,37
BE328,2024-W35,38
BE328,2024-W36,43
BE328,2024-W37,37
BE328,2024-W38,47
BE328,2024-W39,39
BE328,2024-W40,38
BE328,2024-W41,50
BE328,2024-W42,49
BE328,2024-W43,50
BE328,2024-W44,50
BE328,2024-W45,47
BE328,2024-W46,44
BE328,2024-W47,48
BE328,2024-W48,55
BE328,2024-W49,40
BE328,2024-W50,41
BE328,2024-W51,56
BE328,2024-W52,60
BE332,2022-W01,126
BE332,2022-W02,158
BE332,2022-W03,163
BE332,2022-W04,162
BE332,2022-W05,156
BE332,2022-W06,157
BE332,2022-W07,133
BE332,2022-W08,133
BE332,2022-W09,151
BE332,2022-W10,142
BE332,2022-W11,133
BE332,2022-W12,128
BE332,2022-W13,145
BE332,2022-W14,149
BE332,2022-W15,148
BE332,2022-W16,126
BE332,2022-W17,136
BE332,2022-W18,140
BE332,2022-W19,118
BE332,2022-W20,115
BE332,2022-W21,117
BE332,2022-W22,133
BE332,2022-W23,119
BE332,2022-W24,124
BE332,2022-W25,114
BE332,2022-W26,109
BE332,2022-W27,115
BE332,2022-W28,125
BE332,2022-W29,144
BE332,2022-W30,140
BE332,2022-W31,125
BE332,2022-W32,143
BE332,2022-W33,122
BE332,2022-W34,117
BE332,2022-W35,115
BE332,2022-W36,105
BE332,2022-W37,124
BE332,2022-W38,147
BE332,2022-W39,136
BE332,2022-W40,134
BE332,2022-W41,158
BE332,2022-W42,131
BE332,2022-W43,127
BE332,2022-W44,120
BE332,2022-W45,129
BE332,2022-W46,144
BE332,2022-W47,145
BE332,2022-W48,121
BE332,2022-W49,150
BE332,2022-W50,156
BE332,2022-W51,163
BE332,2022-W52,181
BE332,2023-W01,162
BE332,2023-W02,156
BE332,2023-W03,146
BE332,2023-W04,130
BE332,2023-W05,167
BE332,2023-W06,143
BE332,2023-W07,142
BE332,2023-W08,113
BE332,2023-W09,129
BE332,2023-W10,153
BE332,2023-W11,126
BE332,2023-W12,158
BE332,2023-W13,142
BE332,2023-W14,142
BE332,2023-W15,129
BE332,2023-W16,121
BE332,2023-W17,107
BE332,2023-W18,126
BE332,2023-W19,98
BE332,2023-W20,133
BE332,2023-W21,121
BE332,2023-W22,109
BE332,2023-W23,130
BE332,2023-W24,120
BE332,2023-W25,106
BE332,2023-W26,103
BE332,2023-W27,106
BE332,2023-W28,119
BE332,2023-W29,109
BE332,2023-W30,105
BE332,2023-W31,105
BE332,2023-W32,117
BE332,2023-W33,116
BE332,2023-W34,106
BE332,2023-W35,116
BE332,2023-W36,120
BE332,2023-W37,133
BE332,2023-W38,133
BE332,2023-W39,110
BE332,2023-W40,117
BE332,2023-W41,134
BE332,2023-W42,103
BE332,2023-W43,144
BE332,2023-W44,127
BE332,2023-W45,102
BE332,2023-W46,114
BE332,2023-W47,144
BE332,2023-W48,132
BE332,2023-W49,139
BE332,2023-W50,146
BE332,2023-W51,147
BE332,2023-W52,141
BE332,2024-W01,119
BE332,2024-W02,157
BE332,2024-W03,163
BE332,2024-W04,157
BE332,2024-W05,153
BE332,2024-W06,130
BE332,2024-W07,139
BE332,2024-W08,150
BE332,2024-W09,141
BE332,2024-W10,121
BE332,2024-W11,113
BE332,2024-W12,118
BE332,2024-W13,129
BE332,2024-W14,137
BE332,2024-W15,118
BE332,2024-W16,146
BE332,2024-W17,117
BE332,2024-W18,127
BE332,2024-W19,136
BE332,2024-W20,116
BE332,2024-W21,116
BE332,2024-W22,109
BE332,2024-W23,127
BE332,2024-W24,109
BE332,2024-W25,134
BE332,2024-W26,123
BE332,2024-W27,117
BE332,2024-W28,129
BE332,2024-W29,113
BE332,2024-W30,123
BE332,2024-W31,99
BE332,2024-W32,121
BE332,2024-W33,122
BE332,2024-W34,105
BE332,2024-W35,112
BE332,2024-W36,117
BE332,2024-W37,124
BE332,2024-W38,119
BE332,2024-W39,127
BE332,2024-W40,121
BE332,2024-W41,147
BE332,2024-W42,130
BE332,2024-W43,119
BE332,2024-W44,120
BE332,2024-W45,128
BE332,2024-W46,124
BE332,2024-W47,125
BE332,2024-W48,125
BE332,2024-W49,130
BE332,2024-W50,143
BE332,2024-W51,159
BE332,2024-W52,150
